#,MUNCIPALITY,2024_POP,TOTAL_ASSETS,2025_FLOOD_RISK,%_2025_RISK,2050_FLOOD_RISK,%_2050_RISK,NEW_AT_RISK_BY_2050,%_RISK_INCREASE,OUTREACH_TIER,PRIORITY_RANK
1,NEWARK CITY,"317,303",802,119,14.80%,314,39.20%,195,24.40%,A_METRO_CRISIS,2
2,JERSEY CITY,"302,824",686,281,41.00%,398,58.00%,117,17.00%,A_METRO_CRISIS,1
3,PATERSON CITY,"160,463",274,46,16.80%,97,35.40%,51,18.60%,A_METRO_CRISIS,6
4,LAKEWOOD TWP,"141,985",233,14,6.00%,28,12.00%,14,6.00%,C_LOWER_URGENCY,287
5,ELIZABETH CITY,"140,413",253,49,19.40%,108,42.70%,59,23.30%,A_METRO_CRISIS,4
6,EDISON TWP,"110,002",164,9,5.50%,13,7.90%,4,2.40%,C_LOWER_URGENCY,324
7,WOODBRIDGE TWP,"106,101",219,46,21.00%,86,39.30%,40,18.30%,A_METRO_CRISIS,8
8,TOMS RIVER TWP,"99,873",103,30,29.10%,34,33.00%,4,3.90%,A_METRO_CRISIS,13
9,HAMILTON TWP,"93,911",214,34,15.90%,62,29.00%,28,13.10%,C_LOWER_URGENCY,282
10,TRENTON CITY,"91,193",179,21,11.70%,41,22.90%,20,11.20%,C_LOWER_URGENCY,284
11,CLIFTON CITY,"90,322",174,11,6.30%,52,29.90%,41,23.60%,C_LOWER_URGENCY,283
12,CHERRY HILL TWP,"78,988",121,8,6.60%,12,9.90%,4,3.30%,C_LOWER_URGENCY,330
13,BRICK TWP,"76,629",65,11,16.90%,15,23.10%,4,6.20%,C_LOWER_URGENCY,313
14,BAYONNE CITY,"74,532",141,59,41.80%,86,61.00%,27,19.20%,A_METRO_CRISIS,7
15,EAST ORANGE CITY,"71,850",103,5,4.90%,18,17.50%,13,12.60%,C_LOWER_URGENCY,304
16,CAMDEN CITY,"71,749",295,113,38.30%,148,50.20%,35,11.90%,A_METRO_CRISIS,3
17,PASSAIC CITY,"70,722",82,12,14.60%,20,24.40%,8,9.80%,C_LOWER_URGENCY,296
18,OLD BRIDGE TWP,"70,506",98,16,16.30%,19,19.40%,3,3.10%,C_LOWER_URGENCY,298
19,MIDDLETOWN TWP,"66,940",107,28,26.20%,36,33.60%,8,7.40%,A_METRO_CRISIS,12
20,UNION CITY,"66,918",71,0,0.00%,0,0.00%,0,0.00%,C_LOWER_URGENCY,541
21,GLOUCESTER TWP,"66,896",70,6,8.60%,9,12.90%,3,4.30%,C_LOWER_URGENCY,349
22,UNION TWP,"63,171",119,16,13.40%,34,28.60%,18,15.20%,C_LOWER_URGENCY,285
23,PISCATAWAY TWP,"62,733",100,5,5.00%,15,15.00%,10,10.00%,C_LOWER_URGENCY,316
24,VINELAND CITY,"62,070",136,6,4.40%,16,11.80%,10,7.40%,C_LOWER_URGENCY,310
25,IRVINGTON TWP,"61,838",90,7,7.80%,15,16.70%,8,8.90%,C_LOWER_URGENCY,315
26,NORTH BERGEN TWP,"61,668",94,26,27.70%,37,39.40%,11,11.70%,A_METRO_CRISIS,11
27,JACKSON TWP,"60,704",56,5,8.90%,10,17.90%,5,9.00%,C_LOWER_URGENCY,339
28,HOBOKEN CITY,"59,149",111,98,88.30%,106,95.50%,8,7.20%,A_METRO_CRISIS,5
29,NEW BRUNSWICK CITY,"57,487",106,19,17.90%,26,24.50%,7,6.60%,C_LOWER_URGENCY,289
30,PERTH AMBOY CITY,"56,939",98,11,11.20%,20,20.40%,9,9.20%,C_LOWER_URGENCY,297
31,PARSIPPANY-TROY HILLS TWP,"56,729",65,3,4.60%,14,21.50%,11,16.90%,C_LOWER_URGENCY,319
32,PLAINFIELD CITY,"56,507",96,29,30.20%,43,44.80%,14,14.60%,A_METRO_CRISIS,10
33,BLOOMFIELD TWP,"55,416",83,15,18.10%,46,55.40%,31,37.30%,A_METRO_CRISIS,9
34,HOWELL TWP,"54,397",77,7,9.10%,14,18.20%,7,9.10%,C_LOWER_URGENCY,321
35,WAYNE TWP,"54,096",87,15,17.20%,26,29.90%,11,12.70%,C_LOWER_URGENCY,288
36,WEST NEW YORK TOWN,"52,975",59,8,13.60%,9,15.30%,1,1.70%,C_LOWER_URGENCY,348
37,EAST BRUNSWICK TWP,"51,086",67,2,3.00%,5,7.50%,3,4.50%,C_LOWER_URGENCY,398
38,MONROE TWP,"50,157",88,10,11.40%,15,17.00%,5,5.60%,C_LOWER_URGENCY,314
39,WEST ORANGE TWP,"49,211",64,18,28.10%,35,54.70%,17,26.60%,B_UNDER_RADAR,26
40,EVESHAM TWP,"49,050",42,0,0.00%,5,11.90%,5,11.90%,C_LOWER_URGENCY,394
41,EGG HARBOR TWP,"48,538",77,6,7.80%,9,11.70%,3,3.90%,C_LOWER_URGENCY,350
42,SOUTH BRUNSWICK TWP,"47,896",84,14,16.70%,22,26.20%,8,9.50%,C_LOWER_URGENCY,292
43,MOUNT LAUREL TWP,"47,211",54,3,5.60%,11,20.40%,8,14.80%,C_LOWER_URGENCY,334
44,SAYREVILLE BORO,"47,165",85,15,17.60%,22,25.90%,7,8.30%,C_LOWER_URGENCY,293
45,BRIDGEWATER TWP,"46,871",97,16,16.50%,24,24.70%,8,8.20%,C_LOWER_URGENCY,291
46,HACKENSACK CITY,"46,630",113,49,43.40%,67,59.30%,18,15.90%,B_UNDER_RADAR,18
47,MANCHESTER TWP,"46,252",40,6,15.00%,10,25.00%,4,10.00%,C_LOWER_URGENCY,337
48,HILLSBOROUGH TWP,"45,421",55,4,7.30%,5,9.10%,1,1.80%,C_LOWER_URGENCY,395
49,LINDEN CITY,"45,393",164,45,27.40%,79,48.20%,34,20.80%,B_UNDER_RADAR,16
50,NORTH BRUNSWICK TWP,"45,323",52,1,1.90%,1,1.90%,0,0.00%,C_LOWER_URGENCY,507
51,BERKELEY TWP,"45,211",41,14,34.10%,17,41.50%,3,7.40%,B_UNDER_RADAR,70
52,TEANECK TWP,"42,578",73,10,13.70%,18,24.70%,8,11.00%,C_LOWER_URGENCY,303
53,MARLBORO TWP,"41,852",69,8,11.60%,10,14.50%,2,2.90%,C_LOWER_URGENCY,342
54,MONTCLAIR TWP,"41,076",74,10,13.50%,25,33.80%,15,20.30%,B_UNDER_RADAR,40
55,KEARNY TOWN,"40,866",164,98,59.80%,105,64.00%,7,4.20%,B_UNDER_RADAR,15
56,MANALAPAN TWP,"40,762",45,3,6.70%,6,13.30%,3,6.60%,C_LOWER_URGENCY,375
57,FORT LEE BORO,"40,566",51,1,2.00%,1,2.00%,0,0.00%,C_LOWER_URGENCY,506
58,WINSLOW TWP,"40,458",71,8,11.30%,21,29.60%,13,18.30%,C_LOWER_URGENCY,294
59,ATLANTIC CITY,"38,959",175,163,93.10%,171,97.70%,8,4.60%,B_UNDER_RADAR,14
60,BELLEVILLE TWP,"38,672",47,8,17.00%,11,23.40%,3,6.40%,C_LOWER_URGENCY,332
61,GALLOWAY TWP,"38,347",56,0,0.00%,1,1.80%,1,1.80%,C_LOWER_URGENCY,508
62,PENNSAUKEN TWP,"37,665",81,19,23.50%,24,29.60%,5,6.10%,C_LOWER_URGENCY,290
63,FAIR LAWN BORO,"36,489",51,10,19.60%,15,29.40%,5,9.80%,C_LOWER_URGENCY,311
64,EWING TWP,"35,858",88,17,19.30%,21,23.90%,4,4.60%,C_LOWER_URGENCY,295
65,FREEHOLD TWP,"35,800",71,6,8.50%,12,16.90%,6,8.40%,C_LOWER_URGENCY,329
66,CITY OF ORANGE TWP,"35,079",69,18,26.10%,28,40.60%,10,14.50%,B_UNDER_RADAR,34
67,GARFIELD CITY,"33,530",60,7,11.70%,20,33.30%,13,21.60%,B_UNDER_RADAR,59
68,LONG BRANCH CITY,"33,214",69,18,26.10%,40,58.00%,22,31.90%,B_UNDER_RADAR,25
69,DEPTFORD TWP,"32,570",53,1,1.90%,3,5.70%,2,3.80%,C_LOWER_URGENCY,439
70,WILLINGBORO TWP,"32,511",33,0,0.00%,7,21.20%,7,21.20%,C_LOWER_URGENCY,360
71,LAWRENCE TWP,"32,388",63,10,15.90%,16,25.40%,6,9.50%,C_LOWER_URGENCY,309
72,WEST WINDSOR TWP,"32,241",50,11,22.00%,14,28.00%,3,6.00%,C_LOWER_URGENCY,317
73,LIVINGSTON TWP,"32,160",54,9,16.70%,20,37.00%,11,20.30%,B_UNDER_RADAR,57
74,WESTFIELD TOWN,"32,050",59,3,5.10%,5,8.50%,2,3.40%,C_LOWER_URGENCY,397
75,VOORHEES TWP,"31,473",33,0,0.00%,3,9.10%,3,9.10%,C_LOWER_URGENCY,438
76,PRINCETON,"31,445",67,14,20.90%,18,26.90%,4,6.00%,C_LOWER_URGENCY,302
77,RAHWAY CITY,"30,763",75,26,34.70%,47,62.70%,21,28.00%,B_UNDER_RADAR,20
78,STAFFORD TWP,"30,585",40,9,22.50%,11,27.50%,2,5.00%,C_LOWER_URGENCY,331
79,NUTLEY TWP,"30,508",38,7,18.40%,12,31.60%,5,13.20%,B_UNDER_RADAR,117
80,EAST WINDSOR TWP,"30,436",29,7,24.10%,8,27.60%,1,3.50%,C_LOWER_URGENCY,351
81,ENGLEWOOD CITY,"30,221",66,24,36.40%,41,62.10%,17,25.70%,B_UNDER_RADAR,24
82,LACEY TWP,"30,041",36,9,25.00%,10,27.80%,1,2.80%,C_LOWER_URGENCY,335
83,MOUNT OLIVE TWP,"29,499",35,3,8.60%,8,22.90%,5,14.30%,C_LOWER_URGENCY,355
84,BERGENFIELD BORO,"28,921",45,5,11.10%,9,20.00%,4,8.90%,C_LOWER_URGENCY,346
85,BERNARDS TWP,"28,718",27,1,3.70%,2,7.40%,1,3.70%,C_LOWER_URGENCY,465
86,NEPTUNE TWP,"28,210",63,6,9.50%,18,28.60%,12,19.10%,C_LOWER_URGENCY,299
87,MILLVILLE CITY,"27,838",65,10,15.40%,18,27.70%,8,12.30%,C_LOWER_URGENCY,300
88,BRIDGETON CITY,"27,722",66,13,19.70%,18,27.30%,5,7.60%,C_LOWER_URGENCY,301
89,PEMBERTON TWP,"27,333",61,9,14.80%,17,27.90%,8,13.10%,C_LOWER_URGENCY,306
90,ROCKAWAY TWP,"26,893",59,12,20.30%,20,33.90%,8,13.60%,B_UNDER_RADAR,58
91,PARAMUS BORO,"26,786",85,16,18.80%,35,41.20%,19,22.40%,B_UNDER_RADAR,28
92,RANDOLPH TWP,"26,780",31,6,19.40%,6,19.40%,0,0.00%,C_LOWER_URGENCY,372
93,WALL TWP,"26,722",59,3,5.10%,5,8.50%,2,3.40%,C_LOWER_URGENCY,396
94,RIDGEWOOD VILLAGE,"26,701",51,10,19.60%,16,31.40%,6,11.80%,B_UNDER_RADAR,74
95,LODI BORO,"26,358",57,21,36.80%,30,52.60%,9,15.80%,B_UNDER_RADAR,33
96,CLIFFSIDE PARK BORO,"26,183",21,0,0.00%,0,0.00%,0,0.00%,C_LOWER_URGENCY,515
97,MAPLEWOOD TWP,"26,127",40,7,17.50%,10,25.00%,3,7.50%,C_LOWER_URGENCY,338
98,CARTERET BORO,"26,003",64,25,39.10%,33,51.60%,8,12.50%,B_UNDER_RADAR,30
99,BARNEGAT TWP,"25,871",21,4,19.00%,5,23.80%,1,4.80%,C_LOWER_URGENCY,383
100,MAHWAH TWP,"25,806",52,4,7.70%,9,17.30%,5,9.60%,C_LOWER_URGENCY,347
101,MEDFORD TWP,"25,294",45,4,8.90%,12,26.70%,8,17.80%,C_LOWER_URGENCY,326
102,RARITAN TWP,"25,288",44,6,13.60%,9,20.50%,3,6.90%,C_LOWER_URGENCY,345
103,SCOTCH PLAINS TWP,"25,223",37,5,13.50%,10,27.00%,5,13.50%,C_LOWER_URGENCY,336
104,SOUTH PLAINFIELD BORO,"25,062",84,27,32.10%,35,41.70%,8,9.60%,B_UNDER_RADAR,27
105,WEST MILFORD TWP,"24,990",58,13,22.40%,17,29.30%,4,6.90%,C_LOWER_URGENCY,305
106,PLAINSBORO TWP,"24,558",36,4,11.10%,9,25.00%,5,13.90%,C_LOWER_URGENCY,343
107,CRANFORD TWP,"24,513",32,7,21.90%,11,34.40%,4,12.50%,B_UNDER_RADAR,130
108,MONTVILLE TWP,"24,456",40,10,25.00%,15,37.50%,5,12.50%,B_UNDER_RADAR,84
109,BURLINGTON TWP,"24,392",30,3,10.00%,11,36.70%,8,26.70%,B_UNDER_RADAR,127
110,GLASSBORO BORO,"24,322",34,0,0.00%,1,2.90%,1,2.90%,C_LOWER_URGENCY,505
111,MONTGOMERY TWP,"24,254",41,11,26.80%,13,31.70%,2,4.90%,B_UNDER_RADAR,105
112,MORRIS TWP,"23,727",45,4,8.90%,4,8.90%,0,0.00%,C_LOWER_URGENCY,422
113,ROXBURY TWP,"23,397",58,5,8.60%,15,25.90%,10,17.30%,C_LOWER_URGENCY,312
114,SUMMIT CITY,"23,102",51,4,7.80%,7,13.70%,3,5.90%,C_LOWER_URGENCY,363
115,NORTH PLAINFIELD BORO,"23,072",39,24,61.50%,25,64.10%,1,2.60%,B_UNDER_RADAR,38
116,ROSELLE BORO,"23,064",37,4,10.80%,17,45.90%,13,35.10%,B_UNDER_RADAR,69
117,VERNON TWP,"22,879",32,5,15.60%,7,21.90%,2,6.30%,C_LOWER_URGENCY,359
118,MILLBURN TWP,"22,756",43,4,9.30%,12,27.90%,8,18.60%,C_LOWER_URGENCY,325
119,SECAUCUS TOWN,"22,710",92,61,66.30%,67,72.80%,6,6.50%,B_UNDER_RADAR,17
120,HILLSIDE TWP,"22,690",51,3,5.90%,12,23.50%,9,17.60%,C_LOWER_URGENCY,328
121,WEST DEPTFORD TWP,"22,653",44,6,13.60%,14,31.80%,8,18.20%,B_UNDER_RADAR,93
122,LYNDHURST TWP,"22,642",46,12,26.10%,13,28.30%,1,2.20%,C_LOWER_URGENCY,322
123,HARRISON TOWN,"22,182",42,15,35.70%,23,54.80%,8,19.10%,B_UNDER_RADAR,42
124,LINDENWOLD BORO,"21,919",28,2,7.10%,3,10.70%,1,3.60%,C_LOWER_URGENCY,435
125,MOORESTOWN TWP,"21,796",42,8,19.00%,13,31.00%,5,12.00%,B_UNDER_RADAR,106
126,LOWER TWP,"21,705",46,16,34.80%,27,58.70%,11,23.90%,B_UNDER_RADAR,37
127,ELMWOOD PARK BORO,"21,680",55,4,7.30%,16,29.10%,12,21.80%,C_LOWER_URGENCY,308
128,LITTLE EGG HARBOR TWP,"21,587",16,0,0.00%,1,6.30%,1,6.30%,C_LOWER_URGENCY,495
129,PLEASANTVILLE CITY,"20,924",42,6,14.30%,7,16.70%,1,2.40%,C_LOWER_URGENCY,362
130,MORRISTOWN TOWN,"20,732",57,8,14.00%,10,17.50%,2,3.50%,C_LOWER_URGENCY,340
131,JEFFERSON TWP,"20,705",30,0,0.00%,4,13.30%,4,13.30%,C_LOWER_URGENCY,421
132,HAZLET TWP,"20,641",31,7,22.60%,13,41.90%,6,19.30%,B_UNDER_RADAR,101
133,PALISADES PARK BORO,"20,520",19,6,31.60%,8,42.10%,2,10.50%,B_UNDER_RADAR,174
134,SPARTA TWP,"20,362",56,11,19.60%,14,25.00%,3,5.40%,C_LOWER_URGENCY,318
135,MAPLE SHADE TWP,"20,322",30,2,6.70%,5,16.70%,3,10.00%,C_LOWER_URGENCY,390
136,HAWTHORNE BORO,"20,006",32,9,28.10%,15,46.90%,6,18.80%,B_UNDER_RADAR,81
137,MIDDLE TWP,"19,944",58,11,19.00%,22,37.90%,11,18.90%,B_UNDER_RADAR,47
138,POINT PLEASANT BORO,"19,565",23,10,43.50%,16,69.60%,6,26.10%,B_UNDER_RADAR,73
139,TINTON FALLS BORO,"19,435",59,5,8.50%,10,16.90%,5,8.40%,C_LOWER_URGENCY,341
140,ABERDEEN TWP,"19,376",32,6,18.80%,11,34.40%,5,15.60%,B_UNDER_RADAR,129
141,RUTHERFORD BORO,"19,214",33,7,21.20%,11,33.30%,4,12.10%,B_UNDER_RADAR,131
142,DOVER TOWN,"18,909",40,17,42.50%,25,62.50%,8,20.00%,B_UNDER_RADAR,39
143,SOUTH ORANGE VILLAGE TWP,"18,736",29,6,20.70%,12,41.40%,6,20.70%,B_UNDER_RADAR,116
144,DELRAN TWP,"18,717",21,3,14.30%,4,19.00%,1,4.70%,C_LOWER_URGENCY,412
145,DUMONT BORO,"18,606",21,1,4.80%,3,14.30%,2,9.50%,C_LOWER_URGENCY,431
146,HOPEWELL TWP,"17,916",68,9,13.20%,14,20.60%,5,7.40%,C_LOWER_URGENCY,320
147,WEEHAWKEN TWP,"17,877",26,13,50.00%,14,53.80%,1,3.80%,B_UNDER_RADAR,88
148,CINNAMINSON TWP,"17,724",28,4,14.30%,7,25.00%,3,10.70%,C_LOWER_URGENCY,357
149,SPRINGFIELD TWP,"17,630",53,6,11.30%,13,24.50%,7,13.20%,C_LOWER_URGENCY,323
150,HOLMDEL TWP,"17,488",31,3,9.70%,3,9.70%,0,0.00%,C_LOWER_URGENCY,437
151,DENVILLE TWP,"17,376",32,6,18.80%,10,31.30%,4,12.50%,B_UNDER_RADAR,139
152,WYCKOFF TWP,"17,366",20,1,5.00%,1,5.00%,0,0.00%,C_LOWER_URGENCY,499
153,NEW MILFORD BORO,"17,229",25,10,40.00%,12,48.00%,2,8.00%,B_UNDER_RADAR,114
154,WARREN TWP,"16,819",33,7,21.20%,10,30.30%,3,9.10%,B_UNDER_RADAR,142
155,NORTH ARLINGTON BORO,"16,694",40,10,25.00%,13,32.50%,3,7.50%,B_UNDER_RADAR,104
156,MADISON BORO,"16,555",32,1,3.10%,2,6.30%,1,3.20%,C_LOWER_URGENCY,468
157,SOUTH RIVER BORO,"16,392",34,9,26.50%,14,41.20%,5,14.70%,B_UNDER_RADAR,92
158,READINGTON TWP,"16,371",39,6,15.40%,7,17.90%,1,2.50%,C_LOWER_URGENCY,361
159,CLARK TWP,"16,277",35,5,14.30%,13,37.10%,8,22.80%,B_UNDER_RADAR,102
160,ROBBINSVILLE TWP,"15,928",41,4,9.80%,5,12.20%,1,2.40%,C_LOWER_URGENCY,393
161,PEQUANNOCK TWP,"15,741",20,5,25.00%,8,40.00%,3,15.00%,B_UNDER_RADAR,175
162,BRANCHBURG TWP,"15,619",35,4,11.40%,5,14.30%,1,2.90%,C_LOWER_URGENCY,391
163,HADDON TWP,"15,612",30,0,0.00%,1,3.30%,1,3.30%,C_LOWER_URGENCY,503
164,FAIRVIEW BORO,"15,606",27,2,7.40%,4,14.80%,2,7.40%,C_LOWER_URGENCY,419
165,MANTUA TWP,"15,565",24,1,4.20%,1,4.20%,0,0.00%,C_LOWER_URGENCY,500
166,ASBURY PARK CITY,"15,473",62,7,11.30%,31,50.00%,24,38.70%,B_UNDER_RADAR,32
167,METUCHEN BORO,"15,470",40,3,7.50%,6,15.00%,3,7.50%,C_LOWER_URGENCY,374
168,TENAFLY BORO,"15,455",41,4,9.80%,15,36.60%,11,26.80%,B_UNDER_RADAR,85
169,PHILLIPSBURG TOWN,"15,393",41,4,9.80%,5,12.20%,1,2.40%,C_LOWER_URGENCY,392
170,HIGHLAND PARK BORO,"15,386",25,1,4.00%,1,4.00%,0,0.00%,C_LOWER_URGENCY,501
171,EDGEWATER BORO,"15,116",35,20,57.10%,24,68.60%,4,11.50%,B_UNDER_RADAR,41
172,LITTLE FALLS TWP,"15,099",31,11,35.50%,17,54.80%,6,19.30%,B_UNDER_RADAR,68
173,HANOVER TWP,"15,093",46,6,13.00%,18,39.10%,12,26.10%,B_UNDER_RADAR,65
174,HAMMONTON TOWN,"15,036",47,3,6.40%,12,25.50%,9,19.10%,C_LOWER_URGENCY,327
175,RAMSEY BORO,"15,003",26,5,19.20%,11,42.30%,6,23.10%,B_UNDER_RADAR,125
176,MIDDLESEX BORO,"14,874",48,13,27.10%,21,43.80%,8,16.70%,B_UNDER_RADAR,52
177,VERONA TWP,"14,779",20,1,5.00%,2,10.00%,1,5.00%,C_LOWER_URGENCY,463
178,HOPATCONG BORO,"14,750",42,8,19.00%,9,21.40%,1,2.40%,C_LOWER_URGENCY,344
179,WOOLWICH TWP,"14,658",20,2,10.00%,3,15.00%,1,5.00%,C_LOWER_URGENCY,430
180,FLORHAM PARK BORO,"14,533",23,4,17.40%,4,17.40%,0,0.00%,C_LOWER_URGENCY,417
181,SADDLE BROOK TWP,"14,516",42,8,19.00%,23,54.80%,15,35.80%,B_UNDER_RADAR,43
182,BERKELEY HEIGHTS TWP,"14,510",27,8,29.60%,12,44.40%,4,14.80%,B_UNDER_RADAR,115
183,SOMERVILLE BORO,"14,428",61,20,32.80%,23,37.70%,3,4.90%,B_UNDER_RADAR,44
184,ROSELLE PARK BORO,"14,390",31,0,0.00%,18,58.10%,18,58.10%,B_UNDER_RADAR,64
185,COLLINGSWOOD BORO,"14,344",34,5,14.70%,8,23.50%,3,8.80%,C_LOWER_URGENCY,353
186,NEW PROVIDENCE BORO,"13,957",36,14,38.90%,22,61.10%,8,22.20%,B_UNDER_RADAR,45
187,HARRISON TWP,"13,924",28,0,0.00%,1,3.60%,1,3.60%,C_LOWER_URGENCY,502
188,CEDAR GROVE TWP,"13,766",26,4,15.40%,5,19.20%,1,3.80%,C_LOWER_URGENCY,388
189,EATONTOWN BORO,"13,582",34,3,8.80%,8,23.50%,5,14.70%,C_LOWER_URGENCY,354
190,WOODLAND PARK BORO,"13,477",25,15,60.00%,20,80.00%,5,20.00%,B_UNDER_RADAR,54
191,CLINTON TWP,"13,405",31,3,9.70%,3,9.70%,0,0.00%,C_LOWER_URGENCY,436
192,RIDGEFIELD PARK VILLAGE,"13,400",37,9,24.30%,19,51.40%,10,27.10%,B_UNDER_RADAR,62
193,FLORENCE TWP,"13,247",25,3,12.00%,5,20.00%,2,8.00%,C_LOWER_URGENCY,386
194,LUMBERTON TWP,"13,040",21,3,14.30%,4,19.00%,1,4.70%,C_LOWER_URGENCY,413
195,OAKLAND BORO,"12,926",31,5,16.10%,7,22.60%,2,6.50%,C_LOWER_URGENCY,358
196,PENNSVILLE TWP,"12,855",25,14,56.00%,18,72.00%,4,16.00%,B_UNDER_RADAR,63
197,RED BANK BORO,"12,830",50,8,16.00%,11,22.00%,3,6.00%,C_LOWER_URGENCY,333
198,BORDENTOWN TWP,"12,732",33,6,18.20%,6,18.20%,0,0.00%,C_LOWER_URGENCY,373
199,HADDONFIELD BORO,"12,707",25,10,40.00%,10,40.00%,0,0.00%,B_UNDER_RADAR,138
200,BOUND BROOK BORO,"12,643",33,10,30.30%,20,60.60%,10,30.30%,B_UNDER_RADAR,56
201,EAST GREENWICH TWP,"12,565",22,3,13.60%,4,18.20%,1,4.60%,C_LOWER_URGENCY,416
202,FREEHOLD BORO,"12,530",33,0,0.00%,1,3.00%,1,3.00%,C_LOWER_URGENCY,504
203,UPPER TWP,"12,406",32,5,15.60%,10,31.30%,5,15.70%,B_UNDER_RADAR,141
204,GLEN ROCK BORO,"12,346",26,5,19.20%,6,23.10%,1,3.90%,C_LOWER_URGENCY,370
205,HASBROUCK HEIGHTS BORO,"12,253",20,6,30.00%,9,45.00%,3,15.00%,B_UNDER_RADAR,155
206,RIVER EDGE BORO,"12,235",21,3,14.30%,4,19.00%,1,4.70%,C_LOWER_URGENCY,414
207,WALLINGTON BORO,"12,060",29,9,31.00%,11,37.90%,2,6.90%,B_UNDER_RADAR,126
208,GUTTENBERG TOWN,"11,945",11,1,9.10%,1,9.10%,0,0.00%,C_LOWER_URGENCY,484
209,BELLMAWR BORO,"11,846",21,6,28.60%,6,28.60%,0,0.00%,C_LOWER_URGENCY,364
210,RINGWOOD BORO,"11,762",25,4,16.00%,11,44.00%,7,28.00%,B_UNDER_RADAR,124
211,RIDGEFIELD BORO,"11,666",36,13,36.10%,22,61.10%,9,25.00%,B_UNDER_RADAR,46
212,GLOUCESTER CITY,"11,618",35,21,60.00%,27,77.10%,6,17.10%,B_UNDER_RADAR,36
213,WESTWOOD BORO,"11,434",24,8,33.30%,12,50.00%,4,16.70%,B_UNDER_RADAR,113
214,WANAQUE BORO,"11,346",15,3,20.00%,11,73.30%,8,53.30%,B_UNDER_RADAR,121
215,CHATHAM TWP,"11,284",19,2,10.50%,9,47.40%,7,36.90%,B_UNDER_RADAR,154
216,FRANKLIN LAKES BORO,"11,251",27,3,11.10%,4,14.80%,1,3.70%,C_LOWER_URGENCY,420
217,BEACHWOOD BORO,"11,242",12,2,16.70%,2,16.70%,0,0.00%,C_LOWER_URGENCY,448
218,EAST HANOVER TWP,"11,232",32,9,28.10%,10,31.30%,1,3.20%,B_UNDER_RADAR,140
219,OCEAN CITY,"11,219",42,42,100.00%,42,100.00%,0,0.00%,B_UNDER_RADAR,23
220,WEST CALDWELL TWP,"11,157",26,0,0.00%,15,57.70%,15,57.70%,B_UNDER_RADAR,79
221,POMPTON LAKES BORO,"11,156",19,11,57.90%,14,73.70%,3,15.80%,B_UNDER_RADAR,86
222,LITTLE FERRY BORO,"11,137",22,20,90.90%,20,90.90%,0,0.00%,B_UNDER_RADAR,53
223,WANTAGE TWP,"11,087",17,3,17.60%,5,29.40%,2,11.80%,C_LOWER_URGENCY,377
224,TOTOWA BORO,"11,064",31,7,22.60%,11,35.50%,4,12.90%,B_UNDER_RADAR,128
225,MANVILLE BORO,"11,031",23,9,39.10%,12,52.20%,3,13.10%,B_UNDER_RADAR,112
226,LINCOLN PARK BORO,"11,030",24,13,54.20%,17,70.80%,4,16.60%,B_UNDER_RADAR,67
227,PINE HILL BORO,"10,894",14,1,7.10%,3,21.40%,2,14.30%,C_LOWER_URGENCY,427
228,EAST RUTHERFORD BORO,"10,624",59,29,49.20%,34,57.60%,5,8.40%,B_UNDER_RADAR,29
229,SOMERS POINT CITY,"10,611",19,4,21.10%,5,26.30%,1,5.20%,C_LOWER_URGENCY,381
230,SOUTH AMBOY CITY,"10,549",34,8,23.50%,15,44.10%,7,20.60%,B_UNDER_RADAR,83
231,WATERFORD TWP,"10,539",21,2,9.50%,3,14.30%,1,4.80%,C_LOWER_URGENCY,432
232,SOUTHAMPTON TWP,"10,458",32,10,31.30%,15,46.90%,5,15.60%,B_UNDER_RADAR,82
233,RIVER VALE TWP,"10,407",13,2,15.40%,5,38.50%,3,23.10%,B_UNDER_RADAR,215
234,WOOD-RIDGE BORO,"10,397",23,5,21.70%,5,21.70%,0,0.00%,C_LOWER_URGENCY,385
235,MILLSTONE TWP,"10,378",15,1,6.70%,2,13.30%,1,6.60%,C_LOWER_URGENCY,457
236,WALDWICK BORO,"10,308",25,3,12.00%,5,20.00%,2,8.00%,C_LOWER_URGENCY,387
237,HILLSDALE BORO,"10,266",22,10,45.50%,16,72.70%,6,27.20%,B_UNDER_RADAR,72
238,MAYWOOD BORO,"10,221",23,2,8.70%,4,17.40%,2,8.70%,C_LOWER_URGENCY,418
239,HACKETTSTOWN TOWN,"10,182",22,3,13.60%,6,27.30%,3,13.70%,C_LOWER_URGENCY,367
240,MOUNT HOLLY TWP,"10,172",31,8,25.80%,14,45.20%,6,19.40%,B_UNDER_RADAR,90
241,BURLINGTON CITY,"10,143",60,51,85.00%,55,91.70%,4,6.70%,B_UNDER_RADAR,19
242,WOODBURY CITY,"10,138",29,5,17.20%,9,31.00%,4,13.80%,B_UNDER_RADAR,159
243,KINNELON BORO,"10,108",26,2,7.70%,3,11.50%,1,3.80%,C_LOWER_URGENCY,434
244,CHATHAM BORO,"10,062",21,3,14.30%,4,19.00%,1,4.70%,C_LOWER_URGENCY,411
245,COLTS NECK TWP,"9,961",22,2,9.10%,5,22.70%,3,13.60%,C_LOWER_URGENCY,384
246,BOGOTA BORO,"9,799",18,3,16.70%,4,22.20%,1,5.50%,C_LOWER_URGENCY,405
247,MATAWAN BORO,"9,739",22,4,18.20%,6,27.30%,2,9.10%,C_LOWER_URGENCY,368
248,KEANSBURG BORO,"9,689",21,17,81.00%,21,100.00%,4,19.00%,B_UNDER_RADAR,49
249,MONTVALE BORO,"9,663",20,2,10.00%,2,10.00%,0,0.00%,C_LOWER_URGENCY,462
250,PARK RIDGE BORO,"9,634",14,5,35.70%,6,42.90%,1,7.20%,B_UNDER_RADAR,198
251,LOPATCONG TWP,"9,502",15,2,13.30%,2,13.30%,0,0.00%,C_LOWER_URGENCY,456
252,LEONIA BORO,"9,492",21,6,28.60%,7,33.30%,1,4.70%,B_UNDER_RADAR,189
253,PLUMSTED TWP,"9,387",22,4,18.20%,9,40.90%,5,22.70%,B_UNDER_RADAR,157
254,VENTNOR CITY,"9,372",16,15,93.80%,15,93.80%,0,0.00%,B_UNDER_RADAR,76
255,WESTAMPTON TWP,"9,350",20,1,5.00%,4,20.00%,3,15.00%,C_LOWER_URGENCY,410
256,CALDWELL BORO,"9,326",11,0,0.00%,0,0.00%,0,0.00%,C_LOWER_URGENCY,511
257,CRESSKILL BORO,"9,311",17,2,11.80%,6,35.30%,4,23.50%,B_UNDER_RADAR,200
258,ABSECON CITY,"9,249",16,4,25.00%,9,56.30%,5,31.30%,B_UNDER_RADAR,152
259,OCEAN TWP,"9,242",63,14,22.20%,22,34.90%,8,12.70%,B_UNDER_RADAR,48
260,EDGEWATER PARK TWP,"9,196",8,0,0.00%,0,0.00%,0,0.00%,C_LOWER_URGENCY,518
261,HALEDON BORO,"9,063",18,3,16.70%,4,22.20%,1,5.50%,C_LOWER_URGENCY,407
262,CHESTERFIELD TWP,"9,022",16,0,0.00%,0,0.00%,0,0.00%,C_LOWER_URGENCY,514
263,CLAYTON BORO,"9,016",14,2,14.30%,2,14.30%,0,0.00%,C_LOWER_URGENCY,453
264,PITTSGROVE TWP,"8,972",17,1,5.90%,1,5.90%,0,0.00%,C_LOWER_URGENCY,496
265,PITMAN BORO,"8,943",22,3,13.60%,3,13.60%,0,0.00%,C_LOWER_URGENCY,433
266,BOONTON TOWN,"8,894",33,2,6.10%,2,6.10%,0,0.00%,C_LOWER_URGENCY,469
267,NORTH HALEDON BORO,"8,854",14,3,21.40%,5,35.70%,2,14.30%,B_UNDER_RADAR,216
268,AUDUBON BORO,"8,801",13,2,15.40%,2,15.40%,0,0.00%,C_LOWER_URGENCY,451
269,CLOSTER BORO,"8,730",29,10,34.50%,20,69.00%,10,34.50%,B_UNDER_RADAR,55
270,UPPER SADDLE RIVER BORO,"8,696",14,6,42.90%,7,50.00%,1,7.10%,B_UNDER_RADAR,185
271,CARNEYS POINT TWP,"8,693",26,5,19.20%,13,50.00%,8,30.80%,B_UNDER_RADAR,100
272,LONG HILL TWP,"8,692",27,14,51.90%,15,55.60%,1,3.70%,B_UNDER_RADAR,80
273,WEST LONG BRANCH BORO,"8,604",28,0,0.00%,2,7.10%,2,7.10%,C_LOWER_URGENCY,467
274,RARITAN BORO,"8,584",29,4,13.80%,6,20.70%,2,6.90%,C_LOWER_URGENCY,371
275,KENILWORTH BORO,"8,527",35,8,22.90%,13,37.10%,5,14.20%,B_UNDER_RADAR,103
276,NORTHFIELD CITY,"8,527",19,3,15.80%,3,15.80%,0,0.00%,C_LOWER_URGENCY,428
277,HARDYSTON TWP,"8,472",14,0,0.00%,1,7.10%,1,7.10%,C_LOWER_URGENCY,491
278,NEWTON TOWN,"8,435",27,7,25.90%,7,25.90%,0,0.00%,C_LOWER_URGENCY,356
279,RUNNEMEDE BORO,"8,425",21,4,19.00%,4,19.00%,0,0.00%,C_LOWER_URGENCY,415
280,DUNELLEN BORO,"8,411",30,20,66.70%,27,90.00%,7,23.30%,B_UNDER_RADAR,35
281,BEDMINSTER TWP,"8,356",17,4,23.50%,5,29.40%,1,5.90%,C_LOWER_URGENCY,376
282,ORADELL BORO,"8,344",17,4,23.50%,4,23.50%,0,0.00%,C_LOWER_URGENCY,403
283,SPOTSWOOD BORO,"8,306",20,3,15.00%,5,25.00%,2,10.00%,C_LOWER_URGENCY,382
284,BYRAM TWP,"8,217",25,10,40.00%,14,56.00%,4,16.00%,B_UNDER_RADAR,87
285,FAIRFIELD TWP,"8,204",62,33,53.20%,45,72.60%,12,19.40%,B_UNDER_RADAR,21
286,GLEN RIDGE BORO,"8,204",16,2,12.50%,4,25.00%,2,12.50%,C_LOWER_URGENCY,401
287,BUTLER BORO,"8,196",18,4,22.20%,4,22.20%,0,0.00%,C_LOWER_URGENCY,406
288,RIVERSIDE TWP,"8,146",11,4,36.40%,5,45.50%,1,9.10%,B_UNDER_RADAR,210
289,NORTH HANOVER TWP,"8,102",17,1,5.90%,2,11.80%,1,5.90%,C_LOWER_URGENCY,460
290,BERNARDSVILLE BORO,"8,020",32,6,18.80%,8,25.00%,2,6.20%,C_LOWER_URGENCY,352
291,UPPER DEERFIELD TWP,"7,978",21,1,4.80%,2,9.50%,1,4.70%,C_LOWER_URGENCY,464
292,FANWOOD BORO,"7,968",19,0,0.00%,0,0.00%,0,0.00%,C_LOWER_URGENCY,519
293,MANSFIELD TWP,"7,889",27,2,7.40%,2,7.40%,0,0.00%,C_LOWER_URGENCY,466
294,BLOOMINGDALE BORO,"7,795",14,5,35.70%,6,42.90%,1,7.20%,B_UNDER_RADAR,197
295,CHESTER TWP,"7,776",14,1,7.10%,3,21.40%,2,14.30%,C_LOWER_URGENCY,426
296,BRIGANTINE CITY,"7,697",13,13,100.00%,13,100.00%,0,0.00%,B_UNDER_RADAR,94
297,BERLIN BORO,"7,614",18,1,5.60%,4,22.20%,3,16.60%,C_LOWER_URGENCY,404
298,HADDON HEIGHTS BORO,"7,588",14,1,7.10%,1,7.10%,0,0.00%,C_LOWER_URGENCY,490
299,PALMYRA BORO,"7,587",23,8,34.80%,13,56.50%,5,21.70%,B_UNDER_RADAR,99
300,GREEN BROOK TWP,"7,451",16,7,43.80%,10,62.50%,3,18.70%,B_UNDER_RADAR,137
301,WHARTON BORO,"7,444",21,4,19.00%,6,28.60%,2,9.60%,C_LOWER_URGENCY,365
302,EMERSON BORO,"7,413",19,3,15.80%,4,21.10%,1,5.30%,C_LOWER_URGENCY,409
303,WASHINGTON BORO,"7,375",14,0,0.00%,1,7.10%,1,7.10%,C_LOWER_URGENCY,492
304,UPPER FREEHOLD TWP,"7,241",15,5,33.30%,5,33.30%,0,0.00%,B_UNDER_RADAR,220
305,MOUNTAINSIDE BORO,"7,228",8,1,12.50%,5,62.50%,4,50.00%,B_UNDER_RADAR,204
306,BUENA VISTA TWP,"7,197",29,3,10.30%,5,17.20%,2,6.90%,C_LOWER_URGENCY,389
307,RUMSON BORO,"7,191",23,6,26.10%,11,47.80%,5,21.70%,B_UNDER_RADAR,123
308,STRATFORD BORO,"7,185",15,0,0.00%,0,0.00%,0,0.00%,C_LOWER_URGENCY,538
309,KEYPORT BORO,"7,182",32,13,40.60%,19,59.40%,6,18.80%,B_UNDER_RADAR,61
310,MILLTOWN BORO,"7,170",20,4,20.00%,6,30.00%,2,10.00%,B_UNDER_RADAR,201
311,BARRINGTON BORO,"7,140",15,0,0.00%,1,6.70%,1,6.70%,C_LOWER_URGENCY,493
312,MIDLAND PARK BORO,"7,104",20,6,30.00%,9,45.00%,3,15.00%,B_UNDER_RADAR,156
313,LINWOOD CITY,"7,072",13,3,23.10%,4,30.80%,1,7.70%,B_UNDER_RADAR,239
314,TABERNACLE TWP,"6,948",11,1,9.10%,1,9.10%,0,0.00%,C_LOWER_URGENCY,486
315,ALLENDALE BORO,"6,928",15,4,26.70%,10,66.70%,6,40.00%,B_UNDER_RADAR,135
316,WASHINGTON TWP,"6,927",113,8,7.10%,17,15.00%,9,7.90%,C_LOWER_URGENCY,307
317,NORTH CALDWELL BORO,"6,769",12,2,16.70%,2,16.70%,0,0.00%,C_LOWER_URGENCY,450
318,ROCKAWAY BORO,"6,651",29,7,24.10%,14,48.30%,7,24.20%,B_UNDER_RADAR,89
319,WATCHUNG BORO,"6,606",17,6,35.30%,7,41.20%,1,5.90%,B_UNDER_RADAR,187
320,MORRIS PLAINS BORO,"6,590",18,5,27.80%,8,44.40%,3,16.60%,B_UNDER_RADAR,173
321,SHAMONG TWP,"6,582",12,1,8.30%,6,50.00%,5,41.70%,B_UNDER_RADAR,195
322,EASTAMPTON TWP,"6,524",8,2,25.00%,3,37.50%,1,12.50%,B_UNDER_RADAR,255
323,CARLSTADT BORO,"6,454",52,41,78.80%,44,84.60%,3,5.80%,B_UNDER_RADAR,22
324,OCEANPORT BORO,"6,383",20,9,45.00%,13,65.00%,4,20.00%,B_UNDER_RADAR,98
325,PROSPECT PARK BORO,"6,382",11,0,0.00%,1,9.10%,1,9.10%,C_LOWER_URGENCY,485
326,ROSELAND BORO,"6,370",20,3,15.00%,8,40.00%,5,25.00%,B_UNDER_RADAR,176
327,OLD TAPPAN BORO,"6,342",13,3,23.10%,4,30.80%,1,7.70%,B_UNDER_RADAR,240
328,NEW HANOVER TWP,"6,339",16,0,0.00%,2,12.50%,2,12.50%,C_LOWER_URGENCY,459
329,PAULSBORO BORO,"6,316",26,8,30.80%,15,57.70%,7,26.90%,B_UNDER_RADAR,78
330,LEBANON TWP,"6,237",20,2,10.00%,3,15.00%,1,5.00%,C_LOWER_URGENCY,429
331,WOODCLIFF LAKE BORO,"6,234",7,3,42.90%,4,57.10%,1,14.20%,B_UNDER_RADAR,229
332,HAINESPORT TWP,"6,128",16,3,18.80%,5,31.30%,2,12.50%,B_UNDER_RADAR,221
333,LOGAN TWP,"6,116",34,12,35.30%,14,41.20%,2,5.90%,B_UNDER_RADAR,91
334,FAIR HAVEN BORO,"6,114",13,1,7.70%,4,30.80%,3,23.10%,B_UNDER_RADAR,238
335,LITTLE SILVER BORO,"6,101",16,4,25.00%,7,43.80%,3,18.80%,B_UNDER_RADAR,186
336,DENNIS TWP,"6,098",19,0,0.00%,4,21.10%,4,21.10%,C_LOWER_URGENCY,408
337,MENDHAM TWP,"6,057",8,1,12.50%,4,50.00%,3,37.50%,B_UNDER_RADAR,232
338,BERLIN TWP,"6,044",10,2,20.00%,3,30.00%,1,10.00%,B_UNDER_RADAR,261
339,ROCHELLE PARK TWP,"6,002",20,8,40.00%,11,55.00%,3,15.00%,B_UNDER_RADAR,122
340,MOUNT ARLINGTON BORO,"5,979",12,2,16.70%,2,16.70%,0,0.00%,C_LOWER_URGENCY,449
341,HIGHTSTOWN BORO,"5,978",20,4,20.00%,7,35.00%,3,15.00%,B_UNDER_RADAR,188
342,MANASQUAN BORO,"5,925",14,6,42.90%,12,85.70%,6,42.80%,B_UNDER_RADAR,108
343,TEWKSBURY TWP,"5,919",8,0,0.00%,0,0.00%,0,0.00%,C_LOWER_URGENCY,540
344,MULLICA TWP,"5,878",16,2,12.50%,4,25.00%,2,12.50%,C_LOWER_URGENCY,402
345,JAMESBURG BORO,"5,869",13,2,15.40%,5,38.50%,3,23.10%,B_UNDER_RADAR,213
346,NORWOOD BORO,"5,854",8,2,25.00%,2,25.00%,0,0.00%,C_LOWER_URGENCY,444
347,BELMAR BORO,"5,846",21,9,42.90%,15,71.40%,6,28.50%,B_UNDER_RADAR,77
348,BLAIRSTOWN TWP,"5,783",17,5,29.40%,8,47.10%,3,17.70%,B_UNDER_RADAR,171
349,SOMERDALE BORO,"5,712",11,2,18.20%,4,36.40%,2,18.20%,B_UNDER_RADAR,236
350,UNION BEACH BORO,"5,691",16,14,87.50%,16,100.00%,2,12.50%,B_UNDER_RADAR,71
351,ANDOVER TWP,"5,685",15,0,0.00%,8,53.30%,8,53.30%,B_UNDER_RADAR,167
352,INDEPENDENCE TWP,"5,651",19,4,21.10%,5,26.30%,1,5.20%,C_LOWER_URGENCY,379
353,CLEMENTON BORO,"5,600",12,5,41.70%,9,75.00%,4,33.30%,B_UNDER_RADAR,150
354,GREENWICH TWP,"5,528",46,23,50.00%,32,69.60%,9,19.60%,B_UNDER_RADAR,31
355,ALLAMUCHY TWP,"5,475",8,3,37.50%,6,75.00%,3,37.50%,B_UNDER_RADAR,194
356,ENGLEWOOD CLIFFS BORO,"5,443",13,2,15.40%,2,15.40%,0,0.00%,C_LOWER_URGENCY,452
357,SALEM CITY,"5,369",19,8,42.10%,13,68.40%,5,26.30%,B_UNDER_RADAR,97
358,FRANKFORD TWP,"5,349",15,4,26.70%,5,33.30%,1,6.60%,B_UNDER_RADAR,217
359,GARWOOD BORO,"5,346",21,3,14.30%,8,38.10%,5,23.80%,B_UNDER_RADAR,177
360,MARGATE CITY,"5,239",13,13,100.00%,13,100.00%,0,0.00%,B_UNDER_RADAR,95
361,HOLLAND TWP,"5,232",15,1,6.70%,5,33.30%,4,26.60%,B_UNDER_RADAR,218
362,MAURICE RIVER TWP,"5,184",16,4,25.00%,8,50.00%,4,25.00%,B_UNDER_RADAR,170
363,WILDWOOD CITY,"5,098",20,19,95.00%,19,95.00%,0,0.00%,B_UNDER_RADAR,60
364,HARRINGTON PARK BORO,"5,088",18,8,44.40%,12,66.70%,4,22.30%,B_UNDER_RADAR,111
365,FRANKLIN BORO,"5,059",16,2,12.50%,2,12.50%,0,0.00%,C_LOWER_URGENCY,458
366,MENDHAM BORO,"5,000",19,5,26.30%,5,26.30%,0,0.00%,C_LOWER_URGENCY,380
367,NORTHVALE BORO,"4,979",15,6,40.00%,8,53.30%,2,13.30%,B_UNDER_RADAR,168
368,SOUTH BOUND BROOK BORO,"4,965",6,2,33.30%,3,50.00%,1,16.70%,B_UNDER_RADAR,249
369,DELANCO TWP,"4,953",18,4,22.20%,5,27.80%,1,5.60%,C_LOWER_URGENCY,378
370,DEMAREST BORO,"4,941",11,3,27.30%,3,27.30%,0,0.00%,C_LOWER_URGENCY,423
371,POINT PLEASANT BEACH BORO,"4,941",22,12,54.50%,21,95.50%,9,41.00%,B_UNDER_RADAR,51
372,BRIELLE BORO,"4,938",7,2,28.60%,3,42.90%,1,14.30%,B_UNDER_RADAR,250
373,HAMPTON TWP,"4,938",15,0,0.00%,1,6.70%,1,6.70%,C_LOWER_URGENCY,494
374,PENNS GROVE BORO,"4,921",20,9,45.00%,17,85.00%,8,40.00%,B_UNDER_RADAR,66
375,FLEMINGTON BORO,"4,905",25,2,8.00%,6,24.00%,4,16.00%,C_LOWER_URGENCY,369
376,SPRING LAKE HEIGHTS BORO,"4,859",14,4,28.60%,6,42.90%,2,14.30%,B_UNDER_RADAR,199
377,ALEXANDRIA TWP,"4,845",10,0,0.00%,1,10.00%,1,10.00%,C_LOWER_URGENCY,483
378,WHITE TWP,"4,729",21,4,19.00%,6,28.60%,2,9.60%,C_LOWER_URGENCY,366
379,COMMERCIAL TWP,"4,724",11,2,18.20%,5,45.50%,3,27.30%,B_UNDER_RADAR,207
380,MOUNT EPHRAIM BORO,"4,700",13,5,38.50%,5,38.50%,0,0.00%,B_UNDER_RADAR,214
381,MOUNTAIN LAKES BORO,"4,644",19,0,0.00%,0,0.00%,0,0.00%,C_LOWER_URGENCY,531
382,NEPTUNE CITY BORO,"4,599",17,5,29.40%,12,70.60%,7,41.20%,B_UNDER_RADAR,110
383,DELAWARE TWP,"4,592",10,3,30.00%,3,30.00%,0,0.00%,B_UNDER_RADAR,262
384,BUENA BORO,"4,555",20,2,10.00%,2,10.00%,0,0.00%,C_LOWER_URGENCY,461
385,ELK TWP,"4,506",9,0,0.00%,1,11.10%,1,11.10%,C_LOWER_URGENCY,482
386,BOONTON TWP,"4,460",9,1,11.10%,1,11.10%,0,0.00%,C_LOWER_URGENCY,481
387,EGG HARBOR CITY,"4,442",23,4,17.40%,8,34.80%,4,17.40%,B_UNDER_RADAR,178
388,ATLANTIC HIGHLANDS BORO,"4,402",15,5,33.30%,10,66.70%,5,33.40%,B_UNDER_RADAR,136
389,MAGNOLIA BORO,"4,396",6,0,0.00%,0,0.00%,0,0.00%,C_LOWER_URGENCY,528
390,WESTVILLE BORO,"4,350",11,3,27.30%,5,45.50%,2,18.20%,B_UNDER_RADAR,211
391,MEDFORD LAKES BORO,"4,347",7,4,57.10%,4,57.10%,0,0.00%,B_UNDER_RADAR,227
392,HO-HO-KUS BORO,"4,342",14,6,42.90%,10,71.40%,4,28.50%,B_UNDER_RADAR,133
393,HIGHLANDS BORO,"4,337",12,7,58.30%,8,66.70%,1,8.40%,B_UNDER_RADAR,164
394,PILESGROVE TWP,"4,267",7,0,0.00%,0,0.00%,0,0.00%,C_LOWER_URGENCY,532
395,MERCHANTVILLE BORO,"4,226",12,0,0.00%,0,0.00%,0,0.00%,C_LOWER_URGENCY,529
396,LAMBERTVILLE CITY,"4,197",15,5,33.30%,12,80.00%,7,46.70%,B_UNDER_RADAR,109
397,MINE HILL TWP,"4,171",4,0,0.00%,0,0.00%,0,0.00%,C_LOWER_URGENCY,530
398,CRANBURY TWP,"4,170",25,6,24.00%,8,32.00%,2,8.00%,B_UNDER_RADAR,179
399,SHREWSBURY BORO,"4,167",11,1,9.10%,3,27.30%,2,18.20%,C_LOWER_URGENCY,424
400,RIVERDALE BORO,"4,142",10,2,20.00%,4,40.00%,2,20.00%,B_UNDER_RADAR,235
401,BRADLEY BEACH BORO,"4,140",8,2,25.00%,2,25.00%,0,0.00%,C_LOWER_URGENCY,443
402,STILLWATER TWP,"4,093",6,0,0.00%,2,33.30%,2,33.30%,B_UNDER_RADAR,272
403,BORDENTOWN CITY,"4,068",16,4,25.00%,4,25.00%,0,0.00%,C_LOWER_URGENCY,400
404,OAKLYN BORO,"3,979",13,1,7.70%,1,7.70%,0,0.00%,C_LOWER_URGENCY,489
405,EAST AMWELL TWP,"3,948",10,0,0.00%,2,20.00%,2,20.00%,C_LOWER_URGENCY,446
406,HARDING TWP,"3,936",9,3,33.30%,3,33.30%,0,0.00%,B_UNDER_RADAR,257
407,NETCONG BORO,"3,925",13,1,7.70%,1,7.70%,0,0.00%,C_LOWER_URGENCY,488
408,MONTAGUE TWP,"3,880",8,0,0.00%,1,12.50%,1,12.50%,C_LOWER_URGENCY,479
409,KINGWOOD TWP,"3,863",18,1,5.60%,1,5.60%,0,0.00%,C_LOWER_URGENCY,497
410,BETHLEHEM TWP,"3,774",8,1,12.50%,2,25.00%,1,12.50%,C_LOWER_URGENCY,442
411,WOODSTOWN BORO,"3,757",14,3,21.40%,4,28.60%,1,7.20%,C_LOWER_URGENCY,399
412,SOUTH TOMS RIVER BORO,"3,756",13,6,46.20%,6,46.20%,0,0.00%,B_UNDER_RADAR,196
413,GREEN TWP,"3,712",5,0,0.00%,0,0.00%,0,0.00%,C_LOWER_URGENCY,524
414,TUCKERTON BORO,"3,701",7,2,28.60%,4,57.10%,2,28.50%,B_UNDER_RADAR,228
415,HIGH BRIDGE BORO,"3,607",16,7,43.80%,8,50.00%,1,6.20%,B_UNDER_RADAR,169
416,STANHOPE BORO,"3,599",7,1,14.30%,2,28.60%,1,14.30%,C_LOWER_URGENCY,441
417,NORTH WILDWOOD CITY,"3,555",16,14,87.50%,15,93.80%,1,6.30%,B_UNDER_RADAR,75
418,UPPER PITTSGROVE TWP,"3,507",10,0,0.00%,0,0.00%,0,0.00%,C_LOWER_URGENCY,542
419,SOUTH HARRISON TWP,"3,472",6,0,0.00%,0,0.00%,0,0.00%,C_LOWER_URGENCY,537
420,HAWORTH BORO,"3,450",11,5,45.50%,5,45.50%,0,0.00%,B_UNDER_RADAR,208
421,SADDLE RIVER BORO,"3,443",7,2,28.60%,3,42.90%,1,14.30%,B_UNDER_RADAR,254
422,HAMBURG BORO,"3,351",5,1,20.00%,1,20.00%,0,0.00%,C_LOWER_URGENCY,472
423,LAWNSIDE BORO,"3,333",8,1,12.50%,1,12.50%,0,0.00%,C_LOWER_URGENCY,478
424,ALLOWAY TWP,"3,327",8,0,0.00%,1,12.50%,1,12.50%,C_LOWER_URGENCY,476
425,FREDON TWP,"3,316",3,0,0.00%,0,0.00%,0,0.00%,C_LOWER_URGENCY,522
426,POHATCONG TWP,"3,296",13,4,30.80%,4,30.80%,0,0.00%,B_UNDER_RADAR,241
427,MONMOUTH BEACH BORO,"3,218",9,8,88.90%,9,100.00%,1,11.10%,B_UNDER_RADAR,144
428,DEERFIELD TWP,"3,216",12,0,0.00%,0,0.00%,0,0.00%,C_LOWER_URGENCY,517
429,MOONACHIE BORO,"3,168",22,21,95.50%,21,95.50%,0,0.00%,B_UNDER_RADAR,50
430,LONG BEACH TWP,"3,157",3,3,100.00%,3,100.00%,0,0.00%,B_UNDER_RADAR,244
431,WOODBURY HEIGHTS BORO,"3,155",8,1,12.50%,1,12.50%,0,0.00%,C_LOWER_URGENCY,480
432,NATIONAL PARK BORO,"3,085",7,3,42.90%,3,42.90%,0,0.00%,B_UNDER_RADAR,252
433,WILDWOOD CREST BORO,"3,036",11,8,72.70%,11,100.00%,3,27.30%,B_UNDER_RADAR,118
434,WEST AMWELL TWP,"3,034",10,0,0.00%,0,0.00%,0,0.00%,C_LOWER_URGENCY,546
435,FRANKLIN TWP,"3,021",169,19,11.20%,33,19.50%,14,8.30%,C_LOWER_URGENCY,286
436,WOODLYNNE BORO,"2,941",7,5,71.40%,6,85.70%,1,14.30%,B_UNDER_RADAR,193
437,KNOWLTON TWP,"2,939",5,1,20.00%,2,40.00%,1,20.00%,B_UNDER_RADAR,269
438,PENNINGTON BORO,"2,906",10,2,20.00%,2,20.00%,0,0.00%,C_LOWER_URGENCY,447
439,RIVERTON BORO,"2,816",9,3,33.30%,9,100.00%,6,66.70%,B_UNDER_RADAR,145
440,CLINTON TOWN,"2,793",14,8,57.10%,8,57.10%,0,0.00%,B_UNDER_RADAR,166
441,SPRING LAKE BORO,"2,781",17,6,35.30%,9,52.90%,3,17.60%,B_UNDER_RADAR,153
442,SWEDESBORO BORO,"2,766",9,2,22.20%,2,22.20%,0,0.00%,C_LOWER_URGENCY,445
443,WEYMOUTH TWP,"2,762",6,1,16.70%,2,33.30%,1,16.60%,B_UNDER_RADAR,273
444,SOUTH HACKENSACK TWP,"2,752",9,6,66.70%,9,100.00%,3,33.30%,B_UNDER_RADAR,147
445,CAPE MAY CITY,"2,742",14,8,57.10%,11,78.60%,3,21.50%,B_UNDER_RADAR,120
446,LAKEHURST BORO,"2,713",6,1,16.70%,1,16.70%,0,0.00%,C_LOWER_URGENCY,473
447,LIBERTY TWP,"2,700",3,1,33.30%,2,66.70%,1,33.40%,B_UNDER_RADAR,268
448,QUINTON TWP,"2,641",9,4,44.40%,5,55.60%,1,11.20%,B_UNDER_RADAR,205
449,PEAPACK-GLADSTONE BORO,"2,602",15,4,26.70%,5,33.30%,1,6.60%,B_UNDER_RADAR,219
450,BELVIDERE TOWN,"2,545",12,3,25.00%,5,41.70%,2,16.70%,B_UNDER_RADAR,212
451,BEVERLY CITY,"2,543",14,3,21.40%,3,21.40%,0,0.00%,C_LOWER_URGENCY,425
452,EAST NEWARK BORO,"2,539",8,4,50.00%,4,50.00%,0,0.00%,B_UNDER_RADAR,230
453,HARMONY TWP,"2,538",13,1,7.70%,1,7.70%,0,0.00%,C_LOWER_URGENCY,487
454,SEASIDE HEIGHTS BORO,"2,522",10,10,100.00%,10,100.00%,0,0.00%,B_UNDER_RADAR,132
455,HELMETTA BORO,"2,504",5,4,80.00%,4,80.00%,0,0.00%,B_UNDER_RADAR,225
456,OXFORD TWP,"2,477",17,6,35.30%,8,47.10%,2,11.80%,B_UNDER_RADAR,172
457,LAFAYETTE TWP,"2,429",11,2,18.20%,5,45.50%,3,27.30%,B_UNDER_RADAR,209
458,ALPHA BORO,"2,357",12,4,33.30%,4,33.30%,0,0.00%,B_UNDER_RADAR,237
459,ENGLISHTOWN BORO,"2,343",6,3,50.00%,5,83.30%,2,33.30%,B_UNDER_RADAR,203
460,WENONAH BORO,"2,328",6,0,0.00%,0,0.00%,0,0.00%,C_LOWER_URGENCY,545
461,OGDENSBURG BORO,"2,310",7,2,28.60%,2,28.60%,0,0.00%,C_LOWER_URGENCY,440
462,GIBBSBORO BORO,"2,264",12,4,33.30%,9,75.00%,5,41.70%,B_UNDER_RADAR,151
463,FRELINGHUYSEN TWP,"2,242",3,0,0.00%,0,0.00%,0,0.00%,C_LOWER_URGENCY,523
464,ESSEX FELLS BORO,"2,220",15,2,13.30%,2,13.30%,0,0.00%,C_LOWER_URGENCY,455
465,PINE BEACH BORO,"2,214",7,2,28.60%,3,42.90%,1,14.30%,B_UNDER_RADAR,253
466,SEA ISLE CITY,"2,122",7,7,100.00%,7,100.00%,0,0.00%,B_UNDER_RADAR,181
467,WOODBINE BORO,"2,122",18,0,0.00%,1,5.60%,1,5.60%,C_LOWER_URGENCY,498
468,SUSSEX BORO,"2,072",8,4,50.00%,4,50.00%,0,0.00%,B_UNDER_RADAR,233
469,SEASIDE PARK BORO,"2,058",9,9,100.00%,9,100.00%,0,0.00%,B_UNDER_RADAR,146
470,SANDYSTON TWP,"2,022",10,1,10.00%,3,30.00%,2,20.00%,B_UNDER_RADAR,263
471,LAUREL SPRINGS BORO,"2,003",7,0,0.00%,0,0.00%,0,0.00%,C_LOWER_URGENCY,526
472,OCEAN GATE BORO,"1,987",6,4,66.70%,6,100.00%,2,33.30%,B_UNDER_RADAR,192
473,OLDMANS TWP,"1,946",25,5,20.00%,9,36.00%,4,16.00%,B_UNDER_RADAR,158
474,AVON-BY-THE-SEA BORO,"1,944",13,6,46.20%,11,84.60%,5,38.40%,B_UNDER_RADAR,119
475,HOPEWELL BORO,"1,938",8,3,37.50%,4,50.00%,1,12.50%,B_UNDER_RADAR,231
476,SEA GIRT BORO,"1,874",10,5,50.00%,5,50.00%,0,0.00%,B_UNDER_RADAR,206
477,HOPE TWP,"1,859",7,1,14.30%,3,42.90%,2,28.60%,B_UNDER_RADAR,251
478,LAVALLETTE BORO,"1,854",6,6,100.00%,6,100.00%,0,0.00%,B_UNDER_RADAR,191
479,FOLSOM BORO,"1,840",6,2,33.30%,2,33.30%,0,0.00%,B_UNDER_RADAR,271
480,BROOKLAWN BORO,"1,831",12,6,50.00%,9,75.00%,3,25.00%,B_UNDER_RADAR,149
481,NEWFIELD BORO,"1,812",9,2,22.20%,3,33.30%,1,11.10%,B_UNDER_RADAR,258
482,EAGLESWOOD TWP,"1,803",6,1,16.70%,2,33.30%,1,16.60%,B_UNDER_RADAR,270
483,ALPINE BORO,"1,774",8,1,12.50%,1,12.50%,0,0.00%,C_LOWER_URGENCY,477
484,LOWER ALLOWAYS CREEK TWP,"1,750",14,5,35.70%,10,71.40%,5,35.70%,B_UNDER_RADAR,134
485,ALLENTOWN BORO,"1,731",10,1,10.00%,3,30.00%,2,20.00%,B_UNDER_RADAR,260
486,ISLAND HEIGHTS BORO,"1,715",10,8,80.00%,9,90.00%,1,10.00%,B_UNDER_RADAR,148
487,ESTELL MANOR CITY,"1,699",5,1,20.00%,1,20.00%,0,0.00%,C_LOWER_URGENCY,471
488,CHESTER BORO,"1,695",11,0,0.00%,0,0.00%,0,0.00%,C_LOWER_URGENCY,513
489,GLEN GARDNER BORO,"1,691",2,1,50.00%,2,100.00%,1,50.00%,B_UNDER_RADAR,264
490,LEBANON BORO,"1,675",6,0,0.00%,0,0.00%,0,0.00%,C_LOWER_URGENCY,527
491,LAKE COMO BORO,"1,672",3,0,0.00%,1,33.30%,1,33.30%,B_UNDER_RADAR,279
492,HARDWICK TWP,"1,623",2,1,50.00%,1,50.00%,0,0.00%,B_UNDER_RADAR,277
493,VICTORY GARDENS BORO,"1,596",1,0,0.00%,0,0.00%,0,0.00%,C_LOWER_URGENCY,543
494,WOODLAND TWP,"1,569",16,2,12.50%,5,31.30%,3,18.80%,B_UNDER_RADAR,222
495,CHESILHURST BORO,"1,558",5,0,0.00%,0,0.00%,0,0.00%,C_LOWER_URGENCY,512
496,FARMINGDALE BORO,"1,495",6,0,0.00%,0,0.00%,0,0.00%,C_LOWER_URGENCY,520
497,FRENCHTOWN BORO,"1,495",10,5,50.00%,8,80.00%,3,30.00%,B_UNDER_RADAR,163
498,MANNINGTON TWP,"1,476",14,1,7.10%,2,14.30%,1,7.20%,C_LOWER_URGENCY,454
499,HAMPTON BORO,"1,449",4,1,25.00%,1,25.00%,0,0.00%,C_LOWER_URGENCY,470
500,SEA BRIGHT BORO,"1,445",8,7,87.50%,8,100.00%,1,12.50%,B_UNDER_RADAR,161
501,WINFIELD TWP,"1,438",3,0,0.00%,0,0.00%,0,0.00%,C_LOWER_URGENCY,547
502,DOWNE TWP,"1,401",9,3,33.30%,4,44.40%,1,11.10%,B_UNDER_RADAR,234
503,PEMBERTON BORO,"1,392",3,1,33.30%,1,33.30%,0,0.00%,B_UNDER_RADAR,280
504,BASS RIVER TWP,"1,382",13,6,46.20%,8,61.50%,2,15.30%,B_UNDER_RADAR,165
505,ELMER BORO,"1,377",9,2,22.20%,3,33.30%,1,11.10%,B_UNDER_RADAR,256
506,STOW CREEK TWP,"1,342",6,0,0.00%,1,16.70%,1,16.70%,C_LOWER_URGENCY,474
507,SURF CITY BORO,"1,298",8,8,100.00%,8,100.00%,0,0.00%,B_UNDER_RADAR,162
508,MILFORD BORO,"1,226",9,7,77.80%,7,77.80%,0,0.00%,B_UNDER_RADAR,183
509,AVALON BORO,"1,216",8,8,100.00%,8,100.00%,0,0.00%,B_UNDER_RADAR,160
510,PORT REPUBLIC CITY,"1,131",5,1,20.00%,3,60.00%,2,40.00%,B_UNDER_RADAR,248
511,SHIP BOTTOM BORO,"1,125",13,13,100.00%,13,100.00%,0,0.00%,B_UNDER_RADAR,96
512,BEACH HAVEN BORO,"1,069",9,9,100.00%,9,100.00%,0,0.00%,B_UNDER_RADAR,143
513,CALIFON BORO,"1,018",3,0,0.00%,1,33.30%,1,33.30%,B_UNDER_RADAR,278
514,ELSINBORO TWP,"1,016",3,1,33.30%,3,100.00%,2,66.70%,B_UNDER_RADAR,242
515,AUDUBON PARK BORO,"1,000",1,0,0.00%,0,0.00%,0,0.00%,C_LOWER_URGENCY,509
516,WEST CAPE MAY BORO,995,5,1,20.00%,4,80.00%,3,60.00%,B_UNDER_RADAR,226
517,BAY HEAD BORO,964,7,7,100.00%,7,100.00%,0,0.00%,B_UNDER_RADAR,180
518,HI-NELLA BORO,938,6,0,0.00%,0,0.00%,0,0.00%,C_LOWER_URGENCY,525
519,FAR HILLS BORO,935,10,6,60.00%,7,70.00%,1,10.00%,B_UNDER_RADAR,184
520,DEAL BORO,891,4,0,0.00%,3,75.00%,3,75.00%,B_UNDER_RADAR,246
521,LONGPORT BORO,884,5,5,100.00%,5,100.00%,0,0.00%,B_UNDER_RADAR,202
522,INTERLAKEN BORO,823,3,2,66.70%,2,66.70%,0,0.00%,B_UNDER_RADAR,267
523,BRANCHVILLE BORO,810,2,0,0.00%,1,50.00%,1,50.00%,B_UNDER_RADAR,276
524,BLOOMSBURY BORO,802,8,0,0.00%,0,0.00%,0,0.00%,C_LOWER_URGENCY,510
525,ROOSEVELT BORO,802,3,1,33.30%,1,33.30%,0,0.00%,B_UNDER_RADAR,281
526,STONE HARBOR BORO,784,7,7,100.00%,7,100.00%,0,0.00%,B_UNDER_RADAR,182
527,ROCKY HILL BORO,755,9,3,33.30%,3,33.30%,0,0.00%,B_UNDER_RADAR,259
528,WRIGHTSTOWN BORO,731,7,0,0.00%,1,14.30%,1,14.30%,C_LOWER_URGENCY,475
529,BARNEGAT LIGHT BORO,641,4,4,100.00%,4,100.00%,0,0.00%,B_UNDER_RADAR,223
530,ANDOVER BORO,610,1,0,0.00%,1,100.00%,1,100.00%,B_UNDER_RADAR,274
531,FIELDSBORO BORO,547,4,0,0.00%,0,0.00%,0,0.00%,C_LOWER_URGENCY,521
532,WEST WILDWOOD BORO,536,4,4,100.00%,4,100.00%,0,0.00%,B_UNDER_RADAR,224
533,STOCKTON BORO,499,2,2,100.00%,2,100.00%,0,0.00%,B_UNDER_RADAR,266
534,ALLENHURST BORO,467,5,2,40.00%,3,60.00%,1,20.00%,B_UNDER_RADAR,247
535,MILLSTONE BORO,455,2,2,100.00%,2,100.00%,0,0.00%,B_UNDER_RADAR,265
536,SHILOH BORO,453,2,0,0.00%,0,0.00%,0,0.00%,C_LOWER_URGENCY,535
537,ROCKLEIGH BORO,406,4,0,0.00%,0,0.00%,0,0.00%,C_LOWER_URGENCY,534
538,HARVEY CEDARS BORO,402,3,3,100.00%,3,100.00%,0,0.00%,B_UNDER_RADAR,243
539,MANTOLOKING BORO,340,3,3,100.00%,3,100.00%,0,0.00%,B_UNDER_RADAR,245
540,CAPE MAY POINT BORO,297,6,6,100.00%,6,100.00%,0,0.00%,B_UNDER_RADAR,190
541,LOCH ARBOUR VILLAGE,227,1,1,100.00%,1,100.00%,0,0.00%,B_UNDER_RADAR,275
542,TETERBORO BORO,71,12,12,100.00%,12,100.00%,0,0.00%,B_UNDER_RADAR,107
543,CORBIN CITY,486,0,0,0.00%,0,0.00%,0,0.00%,C_LOWER_URGENCY,516
544,PINE VALLEY BORO,21,0,0,0.00%,0,0.00%,0,0.00%,C_LOWER_URGENCY,533
545,SHREWSBURY TWP,"1,076",0,0,0.00%,0,0.00%,0,0.00%,C_LOWER_URGENCY,536
546,TAVISTOCK BORO,2,0,0,0.00%,0,0.00%,0,0.00%,C_LOWER_URGENCY,539
547,WALPACK TWP,7,0,0,0.00%,0,0.00%,0,0.00%,C_LOWER_URGENCY,544
